title,image_url,image_credit,description,watch_link
Wonder Man season 1,https://cdn.mos.cms.futurecdn.net/KkVYWKfqJjcefAgaD5vXW3.jpg,Disney,"A Hollywood star becomes a legit superhero in Wonder Man, which features Yahya Abdul-Mateen II as protagonist Simon Williams. Don’t miss this one as it is among the best MCU TV shows made to date. It features Ben Kingsley as Tony Slattery, Williams’s unlikely partner, who you may well remember from Iron Man 3 or Shang-Chi. The entire 8-episode run is available now, and unusually each episode is only around a half-hour a pop.",https://disneyplus.bn5x.net/c/221109/564546/9358?subId1=shortlist-de-1323230513515553406&sharedId=shortlist-de&u=https%3A%2F%2Fwww.disneyplus.com%2Fen-gb%2Fbrowse%2Fentity-555c5896-02e4-4873-8fa9-ce090dcd874b
Take That,https://cdn.mos.cms.futurecdn.net/wZUEFNuB7DF6EFF9CwbeQ7.jpg,Netflix,"You had to be there. Take That were part of the fabric of UK popular culture in the 1990s. This three part documentary series takes us through the boys’ early years, their epic success and split. And then their successful reunion tours, the first of which was a brain-melting 20 years ago in 2006. It’s an entertaining watch, suffused with a healthy dose of nostalgia.",https://www.anrdoezrs.net/links/6361382/type/dlg/sid/shortlist-de-3479630149808361903/https://www.netflix.com/title/81901625
Shrinking season 3,https://cdn.mos.cms.futurecdn.net/rcUk7y4pY3moncwFJqobvC.jpg,Apple,"Want to laugh? Want to cry? You get both with Shrinking season 3, which continues the show’s reputation as one of Apple TV’s funniest and most affecting shows. This time around the pervasive theme is about the characters moving to a new stage of life in one way or another. And Harrison Ford is a real highlight as Paul, a man suffering from Parkinson’s.",http://tv.apple.com/channel/tvs.sbd.4000?at=1001l369U&ct=shortlist-de-8465333185120368087&itscg=30200&itsct=Future_TV
Bridgerton season 4 part 1,https://cdn.mos.cms.futurecdn.net/Xoz73HDgQjcxs6FRuzRArG.jpg,Netflix,"The nonsense continues at pace with Bridgerton’s fourth season. Luke Thompson’s Benedict is under the narrative spotlight as the man who simply must marry this time around. But he’s also an unrepentant rake who refuses to settle down. As usual, it’s silly stuff but Bridgerton remains a great time if you sufficiently empty your head before hitting the play button.",https://www.anrdoezrs.net/links/6361382/type/dlg/sid/shortlist-de-2080258600169106784/https://www.netflix.com/watch/80232398
The Wrecking Crew,https://cdn.mos.cms.futurecdn.net/6DgYaqouT43HYMoKuMSr4V.jpg,Amazon,"The buddy cop genre is back, this time with Jason Momoa and a slimmer-than-usual Dave Bautista. OK, sort of. They play half brothers, one a police officer, the other a Navy SEAL. The pair are drawn together, not without friction, to try to uncover what really happened to their father, who was murdered in Hawaii. It’s a charming throwback with great chemistry between the two Hollywood leads.",https://target.georiot.com/Proxy.ashx?tsid=357512&GR_URL=https%3A%2F%2Famazon.co.uk%2Fgp%2Fvideo%2Fdetail%2Famzn1.dv.gti.542e5c48-8f6b-46ec-b27c-10c49f154f61%3Ftag%3Dhawk-future-21%26ascsubtag%3Dshortlist-de-6320312401458908957-21
Steal,https://cdn.mos.cms.futurecdn.net/RwNrsknFn2fsRBz9fQnYxF.jpg,Amazon,"Game of Thrones star Sophie Turner stars in Steal, a 6-part thriller. She is an office worker who gets caught up in a multi-billion-pound heist at a pension fund. It’s not based on a true story as such, but does blend a certain sense of believability with the twists and turns we’re looking for in a series fit for a good old binge.",https://target.georiot.com/Proxy.ashx?tsid=357512&GR_URL=https%3A%2F%2Famazon.co.uk%2FSteal%2Fdp%2FB0G2VBYMJX%2F%3Ftag%3Dhawk-future-21%26ascsubtag%3Dshortlist-de-3040018099991307647-21
Kidnapped: Elizabeth Smart,https://cdn.mos.cms.futurecdn.net/Eqb2VEWunjVobcn2zaAxoW.jpg,Netflix,"A 14-year old girl is kidnapped from her home and abused for months. There’s no mystery to the outcome of this one as the woman herself, Elizabeth Smart, is a campaigner who features prominently in the documentary. But this 90-minute doc is a compelling watch for those many, many fans of the true crime genre.",https://www.anrdoezrs.net/links/6361382/type/dlg/sid/shortlist-de-6824715903781846628/https://www.netflix.com/title/81744530
Things You Should Have Done,https://cdn.mos.cms.futurecdn.net/v4QHSEkNipEg2vXXsDnhN8.jpg,BBC,"More people should check out the BBC’s Things You Should Have Done, which just dropped its second season. In season one Chi’s parent die and she is left to fend for herself in the world. And to get her inheritance she has to complete a certain set of unusual tasks. Season two sees yet another death in the family, and Bridget Christie rising up as co-star — Chi’s therapist.",https://www.bbc.co.uk/iplayer/episodes/m001wry5
A Knight of the Seven Kingdoms,https://cdn.mos.cms.futurecdn.net/4ogEMw6JwcgmarZb8fV24K.jpg,HBO,"A Game of Thrones spin-off with a smaller scale and smaller budget, with episodes clicking in at under a mere $10 million a pop. We follow the travails of Dunk the knight and his squire Egg. It’s set a hundred years before the events of the Game of Thrones series, when the Targaryen clan still sits on the Iron Thrones. It could well end up better than House of the Dragon.",https://www.awin1.com/awclick.php?awinmid=11006&awinaffid=103504&clickref=shortlist-de-1204703562311661678&p=https%3A%2F%2Fwww.nowtv.com%2Fwatch%2Fa-knight-of-the-seven-kingdoms%2FiYEQZ2rcf32Y6xHvGKn7WU
Skyscraper Live,https://cdn.mos.cms.futurecdn.net/wLxv5XahWgJGxx6uPkr7xZ.jpg,Netflix,"We write this before the stream takes place, so have fingers crossed it all goes OK. Free Solo star and free-climbing legend Alex Honnold is taking part in a live stream where he scales a skyscraper in Taiwan. It takes place at 1am on Saturday morning, and is expected to run for two hours. Expect a nail-biting time.",https://www.anrdoezrs.net/links/6361382/type/dlg/sid/shortlist-de-1162540538164026760/https://www.netflix.com/gb/title/81987107
Agatha Christie's The Seven Dials,https://cdn.mos.cms.futurecdn.net/YukGjgJR9jXhJ8HBWhrmfk.jpg,Netflix,"Originally released in 1929, The Seven Dials Mystery is one of Christie’s earlier stories. And here it gets recreated as a three-parter featuring Martin Freeman and Helena Bonham Carter as the head-turner names, while Mia McKenna-Bruce stars as Lady Eileen Brent. It has all the classic Christie sleuthing, with a more modern sensibility applied. Reactions are mixed, but plenty are getting on with this Chris Chibnall (Broadchurch, Doctor Who) take on one of Christie’s lesser-known classics.",https://www.anrdoezrs.net/links/6361382/type/dlg/sid/shortlist-de-4050542632076218401/https://www.netflix.com/gb/title/81314952
Hijack season 2,https://cdn.mos.cms.futurecdn.net/2QvKZq2CQMZLKRZ3nmAfy4.jpg,Apple,"Idris Elba returns as Sam Nelson in Hijack season 2, but how do you follow up a show about a hijacked plane flight that — supposedly — unfolds in real time? You switch it up to a train instead, of course. This is more of the same bingeable and pretty thrilling stuff. As good as the first season? Perhaps it lacks some of that series’s high-concept pep, but if you liked the original, you’ll likely enjoy this one too.",https://tv.apple.com/channel/tvs.sbd.4000?at=1001l369U&ct=shortlist-de-5346073957873509326&itscg=30200&itsct=Future_TV
The Rip,https://cdn.mos.cms.futurecdn.net/iwJNXWNnXR3GfMLwLGbAmD.jpg,Netflix,"Matt Damon and Ben Affleck represent one of Hollywood’s most enduring bromances. But we don’t actually get to see them star side-by-side all that often these days. The Rip brings us just that. Damon is Dane Dumars, Affleck is JD Byrne, a couple of police agents who are part of a team that finds a massive stash of cash — $24 million of it — in an abandoned house. But with all that money on the line, they’re not sure who they can really trust on their own team. From The Grey director Joe Carnahan.",https://www.anrdoezrs.net/links/6361382/type/dlg/sid/shortlist-de-1018883257112679803/https://www.netflix.com/watch/81915745
Heated Rivalry,https://cdn.mos.cms.futurecdn.net/FQZDNEinVX6trszE7hj67T.jpg,NOW,"Originally released in the US on HBO back in November, Heated Rivalry has finally made it to the UK courtesy of NOW. It’s about the relationship between two ice hockey players, Shane Hollander and Ilya Rozanov. One is a Canadian, the other a Russian.",https://www.awin1.com/awclick.php?awinmid=11006&awinaffid=103504&clickref=shortlist-de-9565062011499623412&p=https%3A%2F%2Fwww.nowtv.com%2Fmembership%2Fwatch-tv-shows%2Fwatch-heated-rivalry
Star Trek: Starfleet Academy,https://cdn.mos.cms.futurecdn.net/Leu5sWNasXSNGqN2GiFewf.jpg,Paramount Plus,"Star Trek goes YA in Starfleet Academy, a series in which Holly Hunter plays Starfleet captain Nahla Ake. While parts of the season focus on the older cast, the series is really about the younger academy students, and often their relationships and romances. Old-school Trekkies may be initially charmed by the easter egg references, but you will also need to prepare for the fact that this is an altogether different kind of Star Trek show.",https://target.georiot.com/Proxy.ashx?tsid=357512&GR_URL=https%3A%2F%2Famazon.co.uk%2Fgp%2Fvideo%2Fdetail%2FB0GD2C9W65%2F%3Ftag%3Dhawk-future-21%26ascsubtag%3Dshortlist-de-1186870725741389174-21
His & Hers,https://cdn.mos.cms.futurecdn.net/dHHnjquqnn2SGAA2EzWEyX.jpg,Netflix,"Anna (Tessa Thompson) and Jack Harper (Jon Bernthal) are both out to solve a murder. She’s a journalist, he an investigator, a detective. The twist is each suspects the other of being involved. It’s a six-part series that is primed for binge viewing, which is what many of us need during a grey and miserable January. It is gripping, and tugs on the emotions more than you’d guess.",https://www.anrdoezrs.net/links/6361382/type/dlg/sid/shortlist-de-1907845174556955168/https://www.netflix.com/watch/81662954
The Life of Chuck,https://cdn.mos.cms.futurecdn.net/ViqmfEomFJ9dGnitu7yZq9.jpg,,"Both Stephen King and The Life of Chuck director Mike Flanagan are best known for their horror works. But King’s novella The Life of Chuck is something else. Tom Hiddlestone is Chuck, and we get a look at his life in reverse-chronological order, starting with his death in an apocalypse event — because it is still a Stephen King joint, after all. This one divided critics, some saying it’s moving, others that it’s pure schmaltz.",https://www.anrdoezrs.net/links/6361382/type/dlg/sid/shortlist-de-3375916661432480245/https://www.netflix.com/gb/title/82177711
Tron: Ares,https://cdn.mos.cms.futurecdn.net/ezHYaYAVCT9KFTDkTxLUt3.jpg,Disney,"This third Tron film was definitely a “wait for it to come to streaming” flick, having kinda bombed in cinemas while picking up middling reviews. But, hey, it’s now on Disney+ so it’s time to give it a test drive. Jared Leto stars as an AI entity who becomes flesh, out in the real world. Looks great, sounds great. Just don’t expect too much from the story.",https://disneyplus.bn5x.net/c/221109/564546/9358?subId1=shortlist-de-1117773083447102634&sharedId=shortlist-de&u=https%3A%2F%2Fwww.disneyplus.com%2Fen-gb%2Fbrowse%2Fentity-ef8fe7d7-2ba1-4c95-acf3-27ab28df66e8
A Friend of Dorothy,https://cdn.mos.cms.futurecdn.net/3FXWNTc6gvVeN9fFU7k6iD.jpg,Disney,"This film is shorter than most TV episodes at just 21 minutes, but it picked up a clutch of awards at various festivals and is an absolute charmer. Miriam Margolyes stars as Dorothy, a lonely older woman who lives in a big house. And she becomes unlikely friends with 17-year old JJ (Alistair Nwackukwu) when he kicks a football into her garden. An impressive directorial debut from actor Lee Knight.",https://disneyplus.bn5x.net/c/221109/564546/9358?subId1=shortlist-de-1144495776884578664&sharedId=shortlist-de&u=https%3A%2F%2Fwww.disneyplus.com%2Fen-gb%2Fbrowse%2Fentity-0a7225c7-5643-4278-ae6d-6f33caaea4f2
Waiting for the Out,https://cdn.mos.cms.futurecdn.net/VqzZpRBE8Ux72mq5yRrL3S.jpg,BBC,"BBC drama has one again come up with the goods. Waiting for the Out is an adaptation of Andy West’s The Life Inside memoir. Dan is a man who teaches philosophy lessons in a prison, which forces him to confront his own family’s history with incarceration, including his father. It’s a poignant and powerful character drama, a six-parter from Dennis Kelly — who wrote the brilliant Utopia and comedy series Pulling.",https://www.bbc.co.uk/iplayer/episodes/m002hzc3/waiting-for-the-out
Stranger Things final episode,https://cdn.mos.cms.futurecdn.net/wFZeDWkCdjGyrwZR7zmvyV.jpg,Netflix,"It’s the end of an era. After almost a decade and five seasons, Stranger Things has finished. It was all capped off with a feature-length episode that promised a big showdown and, of course, an emotional gut punch. No spoilers here, we’ll just let you enjoy it. But in an era where so many shows get canceled without a satisfying conclusion, it’s good to see Stranger Things get a proper coda. Well, until the animated spin-off turns up later this year.",https://www.anrdoezrs.net/links/6361382/type/dlg/sid/shortlist-de-1244626253455287911/https://www.netflix.com/gb/title/80057281
The Night Manager season 2,https://cdn.mos.cms.futurecdn.net/FaXfbceruKMaaVe5GnbB3H.jpg,BBC,"Here’s another mad one. A decade on since season one, The Night Manager season 2 has arrived. Tom Hiddlestone reprises his role as hotel manager turned spy Jonathan Pine. It’s an unusual case where the original season was a mammoth hit, but was not officially renewed until 2024. The BBC hasn’t dropped the ball, the show continuing at the same quality level we remember. And there’s a third season coming too.",https://target.georiot.com/Proxy.ashx?tsid=357512&GR_URL=https%3A%2F%2Famazon.co.uk%2Fgp%2Fvideo%2Fdetail%2Famzn1.dv.gti.32a9f671-189f-4e7c-8b63-f8fecd36ee4c%3Ftag%3Dhawk-future-21%26ascsubtag%3Dshortlist-de-1234468502238896670-21
Run Away,https://cdn.mos.cms.futurecdn.net/dg62x7YyvyeCbhXuGGoomA.jpg,Netflix,"It’s another slice of one of Netflix’s favourite content pies: the Harlan Coben adaptation. Run Away stars James Nesbitt and Minnie Driver in a story of a man looking desperately for his teenage daughter, who has run away from home. Ruth Jones is a series highlight, playing private investigator Elena Ravenscroft. You know what you’re getting here: Run Away is an 8-episode limited series packed with twists and turns. And it would no doubt be picking up more attention were it not for The Night Manager and Stranger Things hogging the limelight.",https://www.anrdoezrs.net/links/6361382/type/dlg/sid/shortlist-de-1383737416964821652/https://www.netflix.com/gb/title/81744420
Evil Influencer: The Jodi Hildebrandt Story,https://cdn.mos.cms.futurecdn.net/b3jZixFfYxA6oeu8B4HjyV.jpg,Netflix,"True crime takes an unusual and particularly dark turn in Evil Influencer, which looks into the case of Utah therapist-influencer-life coach Jodi Hildebrandt. It’s a fairly horrifying story that digs into child abuse, the Mormon church, a now-disgraced YouTuber and some hefty prison sentences. It’s a feature-length 100-minute documentary, not a show drawn out over multiple bitty episodes.",https://www.anrdoezrs.net/links/6361382/type/dlg/sid/shortlist-de-2408060432055256811/https://www.netflix.com/gb/title/81925846
Land of Sin,https://cdn.mos.cms.futurecdn.net/mhGuH3iPHuPdDkpSdtbRpf.jpg,Netflix,"Scandi crime returns to the spotlight with Land of Sin, a Swedish TV show centred around a pair of investigators, Dani (Krista Kosonen) and Malik (Mohammed Nour Oklah). They are charged with investigating a murder on the Bjäre peninsula, part of the remote Swedish countryside. It’s a darker and richer kind of series, told across five episodes, rather than relying on the cheap thrills of endless twists and turns.",https://www.anrdoezrs.net/links/6361382/type/dlg/sid/shortlist-de-5640348145547962846/https://www.netflix.com/gb/title/81666695
The Lowdown,https://cdn.mos.cms.futurecdn.net/bB25rLcQpEEhwiJuefyWpm.jpg,Disney,"This top-tier crime drama came out in the UK earlier in 2025 but it’s finally available to UK viewers via Disney+. The Lowdown stars Ethan Hawke as Lee Raybon, a bookshop owner who moonlights as a journalist-slash-investigator, digging into corruption in Tulsa. It’s tense and sharp, a Neo-noir that brings a renewed energy to the genre. Don’t miss it.",https://disneyplus.bn5x.net/c/221109/564546/9358?subId1=shortlist-de-1401889471101019976&sharedId=shortlist-de&u=https%3A%2F%2Fwww.disneyplus.com%2Fen-gb%2Fbrowse%2Fentity-74102e12-9fe8-4080-9176-e467e2bf6f5d
Goodbye June,https://cdn.mos.cms.futurecdn.net/v5vGWXRn8dLqTqp3iGZhkF.jpg,Netflix,"Kate Winslet takes on her first directing job in Goodbye June. And she stars in it too, as Julia. She is one of June’s (Helen Mirren) daughters. June is dying in hospital. Her cancer has returned and there’s no hope of a cure this time. It’s a Christmas film, but one about the sadness and surprise humour that can surround someone’s death. You can understand why Netflix didn’t big this one up in the weeks ahead of Christmas, but it’s worth a watch.",https://www.anrdoezrs.net/links/6361382/type/dlg/sid/shortlist-de-5274781442672139898/https://www.netflix.com/gb/title/81955146
Cover-Up,https://cdn.mos.cms.futurecdn.net/dY8WAocQab7Qjrukna5DoY.jpg,Netflix,"Seymour Hersh is an investigating journalist best known for uncovering the truth about the My Lai massacre, an atrocity of the Vietnam war. It won him a Pulitzer Prize, but it apparently took two decades for filmmaker Laura Poitras to persuade Hersh to consent to take part in the making of this doc. It takes us through his entire career of scoops, highlighting once again the importance of real investigative journalism.",https://www.anrdoezrs.net/links/6361382/type/dlg/sid/shortlist-de-2365036554947463228/https://www.netflix.com/gb/title/82145211
Made in Korea,https://cdn.mos.cms.futurecdn.net/84QrJNFxdbUzkcewrhF3q8.jpg,Disney,"Drama from Korea continues to supply the goods with the aptly named Made in Korea. It’s a story of corruption, drug smuggling and spies. Baek Gi-tae is a spy for the National Intelligence Service of South Korea. But he also smuggles drugs in his spare time. Prosecutor Jang Geon-young gets on his trail, though, out to reveal Baek Gi-tae’s double life.",https://disneyplus.bn5x.net/c/221109/564546/9358?subId1=shortlist-de-6119442788697852062&sharedId=shortlist-de&u=https%3A%2F%2Fwww.disneyplus.com%2Fen-gb%2Fbrowse%2Fentity-5acf7909-5d2f-494e-91a9-2fe0555c220f
Eden,https://cdn.mos.cms.futurecdn.net/84QrJNFxdbUzkcewrhF3q8.jpg,Disney,"Ron Howard, Happy Days star and director of movies like A Beautiful Mind, has had a crack at horror with Eden. It’s a dark film with streaks of satire through it, and stars Jude Law. His character leads a bunch of Europeans aiming to settle on an island in the Galapagos. But things, as they will tend to do in genre film-making, don’t quite go to plan.",https://www.anrdoezrs.net/links/6361382/type/dlg/sid/shortlist-de-2208673130485301680/https://www.netflix.com/title/82161420
Fallout season 2,https://cdn.mos.cms.futurecdn.net/xTismkDabpZGbmCts7yYGf.jpg,Amazon,"One of the best video-game-to-TV adaptations of all time is back. And this time we’re tackling New Vegas. The ghoul is in search of his wife and child while Lucy is hunting down her father in what becomes a road trip to remember across the wasteland. All the action, world-building and wit of the first season returns to make this an unmissable one for Prime Video subs. But Amazon is drawing this one out, the last episode not dropping until February.",https://target.georiot.com/Proxy.ashx?tsid=357512&GR_URL=https%3A%2F%2Famazon.co.uk%2FFallout%2Fdp%2FB0CJPB7TY4%2F%3Ftag%3Dhawk-future-21%26ascsubtag%3Dshortlist-de-1396119487606908905-21
The Great Flood,https://cdn.mos.cms.futurecdn.net/DS6B9U5BogQfAKW86qR2W4.jpg,Netflix,"A disaster movie takes a sci-fi turn in The Great Flood, which is about people in Korea trying to survive a catastrophic flood. It’s a disaster sweeping the world, but our focus is on a woman, a researcher, who tries to save her son by climbing an apartment building. Not all reviewers bought into the narrative approach, but it’s certainly one for genre fans to check out.",https://www.anrdoezrs.net/links/6361382/type/dlg/sid/shortlist-de-6132542392901619527/https://www.netflix.com/title/81579978
Emily in Paris season 5,https://cdn.mos.cms.futurecdn.net/2SUVr6ivpnhZC9suoNjEF7.jpg,Netflix,"Prepare to turn off your brains before turning this one on. Emily in Paris is back for a fifth season, which sees the drama split across Paris and Rome (and Venice for a bit). Minnie Driver joins the cast, and gives the campy show an extra injection of energy.",https://www.anrdoezrs.net/links/6361382/type/dlg/sid/shortlist-de-1217944632395220725/https://www.netflix.com/title/81037371
Breakdown: 1975,https://cdn.mos.cms.futurecdn.net/Lob2YUUnLffjeAZGdaknRG.jpg,Netflix,"Film-making in the 1970s was a different beast. This was the era of Taxi Driver and Dog Day Afternoon, not Marvel and DC. Morgan Neville posits a fractured US made the perfect breeding ground for the greatest year in cinema. This 90-minute documentary is narrated by Jodie Foster and features talking head contributions from Martin Scorsese, Josh Brolin and more.",
Jake Paul vs. Anthony Joshua,https://cdn.mos.cms.futurecdn.net/okjD6ZtGcWo52gUate8F2V.jpg,Netflix,"It’s the biggest event of the boxing season. It’s an indictment of how much money has infected the sport. Take your pick. Either way, Jake Paul and Anthony Joshua will take to the ring some time following 1am on Saturday morning, December 20th. And unlike some of the big-name events, this one is available to all Netflix subscribers.",https://www.anrdoezrs.net/links/6361382/type/dlg/sid/shortlist-de-9743760178585981072/https://www.netflix.com/gb/title/82122635
F1: The Movie,https://cdn.mos.cms.futurecdn.net/VrEtpocsNy5TxqNxonMJZA.jpg,Apple,"Director of Top Gun Maverick Joe Kosinski brought his action film-making A-game to F1: The Movie, which stars Brad Pitt as Sonny Hayes. He is a former racing star who returns to the road to try to take an ailing F1 team to the big time. Damson Idris plays Joshua Pearce, the hotshot newcomer to Hayes’s old hand. It’s one of those driving movies you can enjoy even if you never watch the actual F1 and find it a bit boring.",https://tv.apple.com/channel/tvs.sbd.4000?at=1001l369U&ct=shortlist-de-1310648217687176936&itscg=30200&itsct=Future_TV
Wake Up Dead Man: A Knives Out Mystery,https://cdn.mos.cms.futurecdn.net/TMV9HWTZ8wAq59NKboBhaR.jpg,Netflix,"Benoit Blanc and his southern drawl are back for another slice of murder mystery brilliance. And it has arrived on Netflix after a brief run in cinemas. This time things take a turn for the religious, with Blanc arriving in a small town in New York State to investigate seemingly impossible murder in a local church. Fun fact. The actual church is in the UK, in Epping Forest, although it’s dressed up to look like the US. This one might even top 2022’s Glass Onion.",https://www.anrdoezrs.net/links/6361382/type/dlg/sid/shortlist-de-7586277289276548044/https://www.netflix.com/gb/title/81458424
Taylor Swift The Eras Tour The Final Show,https://cdn.mos.cms.futurecdn.net/7m9sj8h42PtR6DWaVyhLVo.jpg,Disney,"It’s already the highest grossing concert tour of all time, but there’s a little bit more to milk out of Taylor Swift’s epic Eras Tour. Disney Plus has released both an alternative version of the show, depicting the final day of the tour, and a six-part documentary. It looks behind-the-scenes at what it took to make the $2-billion leviathan of a live tour project a reality.",https://disneyplus.bn5x.net/c/221109/564546/9358?subId1=shortlist-de-9260409882302472973&sharedId=shortlist-de&u=https%3A%2F%2Fwww.disneyplus.com%2Fen-gb%2Fbrowse%2Fentity-4d12671a-f0ad-4c3f-8526-09ae6772390b
Percy Jackson and the Olympians Season 2,,,"Two years after the arrival of the first season, Percy Jackson and the Olympians has returned. Two episodes are available on day one, with the other six due to roll out across the Christmas period and into January. The second season is based on the second book from Rick Riordan’s series, The Sea of Monsters. Percy and crew go on a mission to the Bermuda Triangle to find the golden fleece.",https://disneyplus.bn5x.net/c/221109/564546/9358?subId1=shortlist-de-1424241733080466886&sharedId=shortlist-de&u=https%3A%2F%2Fwww.disneyplus.com%2Fen-gb%2Fbrowse%2Fentity-f1c31566-ec05-4d30-b23f-3177442233f4
Man Vs Baby,https://cdn.mos.cms.futurecdn.net/XafYWJzAKbjPvrFzFzLcSj.jpg,Netflix,"Your reaction to this one may well rest on what you think of Mr. Bean. Some say Rowan Atkinson’s pure physical comedy pieces are genius. Others find themselves cringing inside-out at the prospect. Man vs Baby is of that ilk, a piece of family-friendly slapstick in which Atkinson’s Trevor finds himself unexpectedly in charge of a baby.",https://www.anrdoezrs.net/links/6361382/type/dlg/sid/shortlist-de-5352853147853083114/https://www.netflix.com/gb/title/81923753
Jay Kelly,https://cdn.mos.cms.futurecdn.net/M8aPzDMTgH2iYBDo4DmadC.jpg,Netflix,"George Clooney is a movie star. But this time he plays one, Jay Kelly, in an actual movie rather than simply being one in real life. Kelly heads on a trip across Europe with his manager (Adam Sandler) and is forced to confront his past, and whether he’s any more than the collection of movies he has made. This one is a Noah Baumbach film, the director of Marriage Story and The Squid and the Whale.",https://www.anrdoezrs.net/links/6361382/type/dlg/sid/shortlist-de-1084960477150704059/https://www.netflix.com/watch/81551446
The Price of Confession,https://cdn.mos.cms.futurecdn.net/nNwHmERm9CApwGzTFJBeMj.jpg,Netflix,"Korean drama The Price of Confession starts with an eye-opening premise. A woman is accused of killing her husband, artist Lee Ki-dae. She is offered a way out by a shadowy stranger, but it involves actually killing someone else. It’s a twisty and tense thriller that unfolds over 12 episodes. Pacing is a little uneven, but provides some great moments in its second half.",https://www.anrdoezrs.net/links/6361382/type/dlg/sid/shortlist-de-1321181635539329615/https://www.netflix.com/gb/title/81757813
The Roses,https://cdn.mos.cms.futurecdn.net/gPVJ3HVTgsiC8MJQB3tqn7.jpg,Disney,"A black comedy from Jay Roach, the co-creator of comedy series Austin Powers and Meet the Parents. But this one has a completely different flavour. It’s about a toxic marriage, each half of which is played by OIivia Colman and Benedict Cumberbatch. You may miss this from a trailer, but it’s a remake of 1989’s The War of the Roses, which put Michael Douglas and Kathleen Turner in those key roles.",https://disneyplus.bn5x.net/c/221109/564546/9358?subId1=shortlist-de-5160859702567743698&sharedId=shortlist-de&u=https%3A%2F%2Fwww.disneyplus.com%2Fplay%2F7df81cf5-6be5-4e05-9ff6-da33baf0b94d
Tinsel Town,https://cdn.mos.cms.futurecdn.net/9Ymo7gEmScw3id2FVCKtDG.jpg,Amazon,"’Tis the season for terrible Christmas movies. Tinsel Town rises to the top of the slop, a charming 93 minute flick buoyed by a fun performance from Kiefer Sutherland. He stars as Brad, alongside Rebel Wilson, as a has-been Hollywood star who accepts a role in a pantomime production in an English village. A family-friendly watch with loads of cameos appearances, including Danny Dyer.",https://www.awin1.com/awclick.php?awinmid=11006&awinaffid=103504&clickref=shortlist-de-1439446653485533930&p=https%3A%2F%2Fwww.nowtv.com%2F
Troll 2,https://cdn.mos.cms.futurecdn.net/9zfTFio2DbSWcw7b2MqcoP.jpg,Netflix,"The original Troll has an eye-opening claim to fame. It’s Netflix’s most successful non-English language movie. And now it has a sequel, three years on. The bad news is it hasn’t received as solid reviews, but there is still plenty of massive troll action. We get one troll battling against another, for one. And it’s directed by Roar Uthaug, who made the original too.",https://www.anrdoezrs.net/links/6361382/type/dlg/sid/shortlist-de-2812784166046503774/https://www.netflix.com/watch/81667085
Stranger Things season 5 Part 1,https://cdn.mos.cms.futurecdn.net/GoTApvKCEcoTkg7HexQWK7.jpg,Netflix,"So popular it briefly broke Netflix, the Stranger Things star has not dimmed as we enter the final chapters of the much-loved show. The even better news is the Duffer brothers have not dropped the ball for this last season, with the scale of the action and antics notably upped. Part two of the final season drops on December 26th in the UK, with the final feature-length episode landing on January 1st.",https://www.anrdoezrs.net/links/6361382/type/dlg/sid/shortlist-de-1899484484299228869/https://www.netflix.com/watch/80057281
Left-Handed Girl,https://cdn.mos.cms.futurecdn.net/JKZHQSAncg2AY86Goyf6zG.jpg,Netflix,"Left-Handed Girl director Tsou Shih-Ching is a long-time collaborator of Tangerine director Sean Baker, and some of that style comes to this film. It was shot entirely on iPhones, and follows a young girl who has moved to Taipei. She’s just five years old, and is told off by her grandfather for being left-handed, which convinces her that her hand is possessed by the devil. But it’s a brilliant family drama, not some low-rent horror flick.",https://www.anrdoezrs.net/links/6361382/type/dlg/sid/shortlist-de-9631880903426566191/https://www.netflix.com/gb/title/83077166
She Rides Shotgun,https://cdn.mos.cms.futurecdn.net/jmtoTcagAntqZHv4ECsatN.jpg,Amazon,"The rise of Taron Egerton as bonafide action star continues with She Rides Shotgun. He plays ex-convict Nate, who has to protect his estranged 11-year-old daughter as they are hunted down by a white supremacist gang and corrupt law enforcement. It’s a gritty and engaging dramatic thriller with an emotional core, given substance through the solid performances of Egerton and young star Ana Sophia Heger.",https://target.georiot.com/Proxy.ashx?tsid=357512&GR_URL=https%3A%2F%2Famazon.co.uk%2FShe-Rides-Shotgun-Nick-Rowland%2Fdp%2FB0FXPDHXKL%2F%3Ftag%3Dhawk-future-21%26ascsubtag%3Dshortlist-de-1253594003577509636-21
Jingle Bell Heist,https://cdn.mos.cms.futurecdn.net/U5C8YNHUre6F5THu58vpWX.jpg,Netflix,"Netflix becomes a slurry of festive sludge over November and December, but this latest piece of Christmas fodder is actually a decent watch. It stars Olivia Holt and Connor Swindells (although the big one for us UK folks is a role by Peter Serafinowicz). The pair, who are strangers, team up to rob a department store in a festive heist. But it’s a rom-com, not just a heist movie. Much better than most of Netflix’s 2025 festive fare.",https://www.anrdoezrs.net/links/6361382/type/dlg/sid/shortlist-de-9077774433942084998/https://www.netflix.com/watch/81928353
The Beatles Anthology,https://cdn.mos.cms.futurecdn.net/xCfFtJDdXEtUPbAACd9LZg.jpg,Disney,"The fantastic 1995 documentary series has been remastered and expanded in a new edition, now available to stream on Disney Plus. This new version expands the original eight-episode run with ninth episode, which includes footage on the making of the original 90s documentary run. All of the Anthology’s content has been thoroughly restored too, doing wonders for the audio of this unmissable series.",https://disneyplus.bn5x.net/c/221109/564546/9358?subId1=shortlist-de-1248705151819369199&sharedId=shortlist-de&u=https%3A%2F%2Fwww.disneyplus.com%2Fen-gb%2Fbrowse%2Fentity-cab32c53-c3f8-4879-86f5-c8e4a1657338
Train Dreams,https://cdn.mos.cms.futurecdn.net/4r3Lbjs78HfP7nGmnDFGsG.jpg,Netflix,"This is not your average Netflix film. Train Dreams made its debut at the Sundance festival in early 2025, and was snapped up by the streamer shortly after. It stars Joel Edgerton as a rail worker establishing the US railroad in the 1900s. Train Dreams comes from Sing Sing director Clint Bentley, and has picked up some stellar reviews. It’s not a cheery Christmas movie, but is a meditative thought-provoker.",https://www.anrdoezrs.net/links/6361382/type/dlg/sid/shortlist-de-7812796845336834662/https://www.netflix.com/gb/title/82020378
The Death of Bunny Monroe,https://cdn.mos.cms.futurecdn.net/XVStaCbbrPQemKsgtXFxH8.jpg,NOW,"Former Doctor Who actor Matt Smith stars in this adaptation of singer Nick Cave’s second novel, published in 2009. He is the Bunny Monroe of the title, an alcoholic door-to-door salesman who takes his son on a road trip following the death of his wife. It’s dark comedy fodder starring a character you’re not meant to like from the off, but one played brilliantly by Smith. He's offset perfectly by Rafael Mathé, who plays his son.",https://www.awin1.com/awclick.php?awinmid=11006&awinaffid=103504&clickref=shortlist-de-9062044289324286247&p=https%3A%2F%2Fwww.nowtv.com%2Fwatch%2Fthe-death-of-bunny-munro%2FiYEQZ2rcf32Y54PFy8YVR3%3FDCMP%3Dknc-google%3Anc_ents%26gclsrc%3Daw.ds%26gad_source%3D1%26gad_campaignid%3D23287201157%26gbraid%3D0AAAAAoX2iLE_rUqAEUcYZQukRQkCCZfD9%26gclid%3DCjwKCAiAuIDJBhBoEiwAxhgyFpJL-o0llSo8q-6NF83SqfwbrHC1JyijVhw6kApDqRqUg-spvH6QGRoCx2MQAvD_BwE
Malice,https://cdn.mos.cms.futurecdn.net/bQyfe3ckYurLatyMiPUyde.jpg,Prime Video,"Here’s an unlikely pairing. Jack Whitehall plus David Duchovny. And yet it all works in Malice, in which Duchovny’s Jamie Tanner hires Whitehall’s Adam Healy as a tutor-slash-nanny to cater to his well-heeled family. But Healy has nefarious plans in mind. This six-part series has received mixed reviews, but isn’t half primed for a good old binge. We caught up with Whitehall recently to discuss the show too —here's what he had to say.",https://target.georiot.com/Proxy.ashx?tsid=357512&GR_URL=https%3A%2F%2Famazon.co.uk%2Fgp%2Fvideo%2Fdetail%2FB0FKNPG913%2F%3Ftag%3Dhawk-future-21%26ascsubtag%3Dshortlist-de-8967159399898965229-21
The Carman Family Deaths,https://cdn.mos.cms.futurecdn.net/oLwgzUouDGeyvEMCXtb9yX.jpg,Netflix,"Netflix is back with yet another piece of true crime documentary-making. This time it’s a feature-length (89 minute) look at a case where a young man who is rescued from the middle of the ocean ends up accused of killing his own mother, and potentially another person a few years before. A wealthy family. A fishing trip. But what really happened?",https://www.anrdoezrs.net/links/6361382/type/dlg/sid/shortlist-de-8627588977168531601/https://www.netflix.com/watch/81664825
Edward Scissorhands (4K UHD Blu-ray),,,"Is Edward Scissorhands a Christmas film? That's up for debate, but this modern fairytale will thrill and chill in equal measure in this new 4K UHD Blu-ray release.",https://target.georiot.com/Proxy.ashx?tsid=357512&GR_URL=https%3A%2F%2Famazon.co.uk%2FEdward-Scissorhands-Ultra-Blu-ray-Region%2Fdp%2FB0FTMDRXH8%3Ftag%3Dhawk-future-21%26ascsubtag%3Dshortlist-de-7686458630197757637-21
A Man on the Inside season 2,https://cdn.mos.cms.futurecdn.net/eu3sEHFynCBZSYsUCr6wL3.jpg,Netflix,"The show where Ted Danson plays detective in a retirement home is back for season 2. It’s more cozy intrigue, but this time it’s set in around a university campus rather than a retirement home. You may hear some narrative creaks as the original cast are crowbar’d into this new scenario. But the charm of the initial run remains, and that’s the main thing, right?",https://www.anrdoezrs.net/links/6361382/type/dlg/sid/shortlist-de-1276606777785191277/https://www.netflix.com/watch/81677257
The Beast in Me,https://cdn.mos.cms.futurecdn.net/iyAefPqbVHtZtvwfdJuhWX.jpg,Netflix,"Clare Danes stars as Aggie in The Beast in Me. She’s a writer who begins investigating her neighbour (Matthew Rhys), who is a prime suspect in the murder of her wife. But her efforts could lead her into a whole heap of trouble of her own. A classic twisty thriller, this one is entirely engaging and features fab performances from Danes and co-star Rhys.",https://www.anrdoezrs.net/links/6361382/type/dlg/sid/shortlist-de-8425853179250882737/https://www.netflix.com/gb/title/81427733
Mickey 17,https://cdn.mos.cms.futurecdn.net/ijYzCMeKfeDmheH5qWMYFh.jpg,Warner Bros.,"Robert Pattinson is Mickey in Bong Joon-Ho’s Mickey 17. Mickey signs up to become an expendable, a person who is put to dangerous or impossible jobs with the knowledge he’ll most likely die doing them. But upon his death, a new version is simply printed out. Mickey 17 was not the box office smash people were hoping for after 2019’s Parasite, but it’s a fun and interesting watch.",https://www.awin1.com/awclick.php?awinmid=11006&awinaffid=103504&clickref=shortlist-de-4022275526061456061&p=https%3A%2F%2Fwww.nowtv.com%2Fwatch%2Fmickey-17-2025%2FA5EK63NXmzmZWbZYtZYWd
Last Samurai Standing,https://cdn.mos.cms.futurecdn.net/87TDsrSHk3bgjSVbt94hY5.jpg,Netflix,"A high-concept samurai show, Last Samurai Standing weaves in elements of Netflix mega-hit Squid Game. 292 “fallen” samurai take part in Kodoku, a game in which there can be only one winner. Only one samurai left alive. And the winner will claim a huge money prize. It’s based on a book by Shogo Imamura, and follows one of the samurai contenders, Shujiro. This is a six-episode series, and plays out in Japanese. As ever, we recommend subs over the English dub.",https://www.anrdoezrs.net/links/6361382/type/dlg/sid/shortlist-de-4441790063119447839/https://www.netflix.com/gb/title/81607397
Mrs Playmen,https://cdn.mos.cms.futurecdn.net/4mu24JStE7Ngr2MAGQcYHJ.jpg,Netflix,"This seven-part Netflix series is about Adelina Tattilo, a real figure who was a big name in the world of Italian erotic magazines. When her husband abandons her, Tattilo takes over a leading mag in 1970s Italy, and manages to take it to new heights. An engaging empowerment story, although be prepared for subs as this is an Italian production.",https://www.anrdoezrs.net/links/6361382/type/dlg/sid/shortlist-de-8492317024899095251/https://www.netflix.com/ke/title/81481336
Playdate,https://cdn.mos.cms.futurecdn.net/oZRGUBPnF5jUwdMpxYKMaT.jpg,Prime Video,Ready for this season’s car-crash watch? Playdate stars Alan Ritchson and Paul Blart Mall Cop’s Kevin Janes in a buddy action comedy that has picked up some truly dreadful reviews. And yet it’s Prime’s most successful movie of the moment. Because of course it is. Playdate is the story of two dads who form an unlikely duo after an afternoon playdate at Chuck E. Cheese goes seriously off the rails.,https://target.georiot.com/Proxy.ashx?tsid=357512&GR_URL=https%3A%2F%2Famazon.co.uk%2Fgp%2Fvideo%2Fdetail%2Famzn1.dv.gti.a786d9bf-585d-4b4a-ae75-1961112d0f22%3Ftag%3Dhawk-future-21%26ascsubtag%3Dshortlist-de-9619729547609663548-21
The Fantastic Four: First Steps,https://cdn.mos.cms.futurecdn.net/omtDntyDQugQfPtQz2VhDF.jpg,Disney,"It’s finally here. The Fantastic Four has landed onDisney+, and we couldn’t be happier. This is the best-reviewed movie version of this superhero team ever. By miles and miles.",https://disneyplus.bn5x.net/c/221109/564546/9358?subId1=shortlist-de-1074729490402819714&sharedId=shortlist-de&u=https%3A%2F%2Fwww.disneyplus.com%2Fen-gb%2Fexplore
Guillermo Del Toro’s Frankenstein,https://cdn.mos.cms.futurecdn.net/9j7tYPNH2Rv7ooXVdiDW8R.jpg,Netflix,Guillermo Del Toro and Frankstein fit together like hand in glove. The director has always loved humanising supposed monsters. And this is the original story of that conceit.,https://www.anrdoezrs.net/links/6361382/type/dlg/sid/shortlist-de-9446641266603084564/https://www.netflix.com/watch/81507921
